URL,Title
https://newyork.craigslist.org/stn/egr/d/experienced-bim-project/6328585439.html,EXPERIENCED BIM PROJECT MANAGER
https://newyork.craigslist.org/brk/egr/d/drafter/6328190644.html,DRAFTER
https://newyork.craigslist.org/que/egr/d/junior-architect-draftsperson/6327893459.html,JUNIOR ARCHITECT/DRAFTSPERSON
https://newyork.craigslist.org/mnh/egr/d/landscape-designer/6326556120.html,Landscape Designer
https://newyork.craigslist.org/mnh/egr/d/architect-junior-architect/6326542404.html,"Architect / Junior Architect (City Hall, NYC)"
https://newyork.craigslist.org/mnh/egr/d/facade-building-envelope/6326406851.html,Facade / Building Envelope Project Architect or Engineer
https://newyork.craigslist.org/mnh/egr/d/exterior-restoration-recent/6326405413.html,Exterior Restoration / Recent Graduate
https://newyork.craigslist.org/mnh/egr/d/facade-building-envelope/6326403557.html,Facade / Building Envelope Engineer or Architect
https://newyork.craigslist.org/que/egr/d/civil-engineer/6326315291.html,Civil Engineer
https://newyork.craigslist.org/wch/egr/d/project-plan-administrator/6326304537.html,Project Plan Administrator for Estimating Department
https://newyork.craigslist.org/mnh/egr/d/construction-site-safety/6326202027.html,Construction Site Safety
https://newyork.craigslist.org/mnh/egr/d/construction-project-manager/6326199135.html,Construction Project Manager
https://newyork.craigslist.org/lgi/egr/d/architectural-designer-auto/6326166937.html,ARCHITECTURAL DESIGNER/AUTO CAD DRAFTERS
https://newyork.craigslist.org/que/egr/d/mechanical-electrical/6326074451.html,Mechanical & Electrical Engineers -Entry or Mid level (Full Time)
https://newyork.craigslist.org/mnh/egr/d/cnc-operator/6326037599.html,CNC operator
https://newyork.craigslist.org/mnh/egr/d/draftsperson-detailer/6326033966.html,Draftsperson Detailer
https://newyork.craigslist.org/mnh/egr/d/plumbing-fire-protection/6325964504.html,Plumbing/Fire Protection Engineer
https://newyork.craigslist.org/mnh/egr/d/plumbing-fire-protection/6325961593.html,Plumbing/ Fire Protection Engineer
https://newyork.craigslist.org/mnh/egr/d/part-time-architectural-and/6325918296.html,Part-time architectural and interior designer draftsperson
https://newyork.craigslist.org/mnh/egr/d/plumbing-fire-protection/6325854808.html,PLUMBING FIRE PROTECTION DESIGN/ENGINEERS
https://newyork.craigslist.org/mnh/egr/d/graphic-designer-with-brand/6325805910.html,Graphic Designer with Brand Development/ Marketing Background
https://newyork.craigslist.org/mnh/egr/d/tech-integrator-seeking/6325700369.html,Tech Integrator Seeking Architect
https://newyork.craigslist.org/que/egr/d/general-construction-estimator/6325250234.html,General Construction Estimator
https://newyork.craigslist.org/brk/egr/d/event-designer/6325071529.html,Event Designer
https://newyork.craigslist.org/mnh/egr/d/interior-designer/6325070390.html,Interior Designer
https://newyork.craigslist.org/mnh/egr/d/construction-site-supervisor/6325062094.html,Construction Site Supervisor
https://newyork.craigslist.org/mnh/egr/d/administrative-design-office/6325049058.html,Administrative/Design/Office Assistant
https://newyork.craigslist.org/mnh/egr/d/expeditor-dob-filling/6324960551.html,Expeditor DOB filling representative class 2 lic.
https://newyork.craigslist.org/que/egr/d/junior-architect/6324905614.html,Junior Architect
https://newyork.craigslist.org/mnh/egr/d/junior-architectural-designer/6324897290.html,Junior Architectural Designer | Luxury Retail
https://newyork.craigslist.org/mnh/egr/d/hotel-mechanic/6324885039.html,Hotel Mechanic
https://newyork.craigslist.org/mnh/egr/d/intermediate-architect/6324859196.html,Intermediate Architect
https://newyork.craigslist.org/lgi/egr/d/estimator-structural-steel/6324799552.html,"Estimator - Structural Steel Erection - Queens, NY"
https://newyork.craigslist.org/mnh/egr/d/junior-architect-2-5-years/6324334871.html,Junior Architect - 2 - 5 Years Experience
https://newyork.craigslist.org/que/egr/d/project-architects/6324310940.html,Project Architect(s)
https://newyork.craigslist.org/wch/egr/d/construction-project-engineer/6323975870.html,Construction Project Engineer
https://newyork.craigslist.org/wch/egr/d/construction-administrative/6323965293.html,Construction Administrative Assistant
https://newyork.craigslist.org/mnh/egr/d/architect-designer/6323661585.html,Architect/Designer
https://newyork.craigslist.org/mnh/egr/d/senior-project-architect/6323613753.html,Senior Project Architect
https://newyork.craigslist.org/mnh/egr/d/junior-construction-project/6323597791.html,Junior Construction Project Manager | Healthcare Facilities
https://newyork.craigslist.org/mnh/egr/d/bim-synchro-navis-sketchup-4/6323583670.html,BIM: SYNCHRO - NAVIS - SKETCHUP --- 4-D SEQUENCING WITH SYNCHRO
https://newyork.craigslist.org/mnh/egr/d/junior-architect-designer/6323224447.html,Junior Architect/ Designer
https://newyork.craigslist.org/brx/egr/d/construction-administrator/6323188483.html,Construction Administrator
https://newyork.craigslist.org/wch/egr/d/upholster-needed/6323186429.html,Upholster Needed
https://newyork.craigslist.org/brk/egr/d/mechanical-design-engineering/6323111129.html,Mechanical Design Engineering
https://newyork.craigslist.org/lgi/egr/d/civil-engineer-architect/6323003558.html,Civil Engineer/ Architect/ Construction Estimator - Near LIRR
https://newyork.craigslist.org/mnh/egr/d/intermediate-senior-architect/6323001562.html,Intermediate/Senior Architect | Aviation/Airport Projects
https://newyork.craigslist.org/que/egr/d/seeking-project-manager/6322956232.html,Seeking Project Manager / Office Manager for Contractor & Design Firm
https://newyork.craigslist.org/jsy/egr/d/architect/6322870016.html,Architect
https://newyork.craigslist.org/lgi/egr/d/assistant-construction/6322197815.html,Assistant Construction Estimator/ Assistant Project Manager
https://newyork.craigslist.org/brx/egr/d/metal-and-glass-fabricators/6322152758.html,Metal and Glass Fabricators Seeking Estimator & AutoCAD Draftsman
https://newyork.craigslist.org/mnh/egr/d/senior-engineer/6322132346.html,Senior Engineer
https://newyork.craigslist.org/mnh/egr/d/preservation-exterior/6322086050.html,Preservation/Exterior Envelope Project Manager
https://newyork.craigslist.org/mnh/egr/d/cad-drafting-needed/6322077360.html,CAD DRAFTING NEEDED
https://newyork.craigslist.org/brk/egr/d/construction-project-manager/6322070195.html,Construction Project Manager
https://newyork.craigslist.org/mnh/egr/d/preservation-exterior/6322058489.html,Preservation/Exterior Envelope Project Architect
https://newyork.craigslist.org/brk/egr/d/mechanical-engineer-product/6321819871.html,Mechanical Engineer & Product Designer
https://newyork.craigslist.org/que/egr/d/draftsperson-architectural/6321767941.html,Draftsperson / Architectural Woodwork
https://newyork.craigslist.org/mnh/egr/d/construction-project-manager/6321742468.html,Construction Project Manager
https://newyork.craigslist.org/que/egr/d/expediter-wanted-class-2/6321648317.html,EXPEDITER WANTED CLASS 2
https://newyork.craigslist.org/mnh/egr/d/healthcare-architect/6321637555.html,Healthcare Architect
https://newyork.craigslist.org/mnh/egr/d/data-science-engineer/6321601106.html,Data Science Engineer
https://newyork.craigslist.org/mnh/egr/d/administrative-assist/6321595736.html,ADMINISTRATIVE ASSIST
https://newyork.craigslist.org/mnh/egr/d/junior-intermediate-architect/6321079365.html,Junior/Intermediate Architect
https://newyork.craigslist.org/brk/egr/d/architect-revit-drafter/6320969550.html,ARCHITECT  - REVIT DRAFTER
https://newyork.craigslist.org/que/egr/d/intern-entry-level-drafting/6320804471.html,Intern/Entry Level Drafting position
https://newyork.craigslist.org/brk/egr/d/solar-support-engineer/6320785066.html,Solar Support Engineer
https://newyork.craigslist.org/brk/egr/d/senior-project-architect/6320662952.html,Senior Project Architect
https://newyork.craigslist.org/que/egr/d/free-lance-sketchup/6320598869.html,◄◄  FREE-LANCE SKETCHUP PROFESSIONAL AVAILABLE FOR YOUR PROJECT
https://newyork.craigslist.org/mnh/egr/d/executive-assistant-with/6320352657.html,Executive Assistant with strong sales and marketing background
https://newyork.craigslist.org/mnh/egr/d/mechanical-engineer-or/6320144815.html,MECHANICAL ENGINEER &/or PLUMBING ENGINEER -WORK FROM HOME OPPORTUNITY
https://newyork.craigslist.org/mnh/egr/d/project-manager/6320108234.html,Project Manager
https://newyork.craigslist.org/fct/egr/d/interior-designer-corporate/6319937133.html,INTERIOR DESIGNER - Corporate Interiors
https://newyork.craigslist.org/mnh/egr/d/mechanical-design-engineer/6318722773.html,MECHANICAL DESIGN ENGINEER - EXPERT IN SOLIDWORKS OR PROE
https://newyork.craigslist.org/mnh/egr/d/facade-building-envelope/6318226367.html,Facade / Building Envelope Project Architect or Engineer
https://newyork.craigslist.org/mnh/egr/d/exterior-restoration-recent/6318224910.html,Exterior Restoration / Recent Graduate
https://newyork.craigslist.org/mnh/egr/d/facade-building-envelope/6318223703.html,Facade / Building Envelope Engineer or Architect
https://newyork.craigslist.org/que/egr/d/miscellaneous-steel-detailer/6317795229.html,Miscellaneous Steel Detailer
https://newyork.craigslist.org/mnh/egr/d/architect/6317174486.html,architect
https://newyork.craigslist.org/mnh/egr/d/jr-estimator-quantity-surveyor/6316989125.html,JR Estimator/Quantity Surveyor
https://newyork.craigslist.org/mnh/egr/d/architectural-interior-design/6316946265.html,Architectural / Interior Design Internship
https://newyork.craigslist.org/lgi/egr/d/architectural-draftsperson/6316871692.html,Architectural Draftsperson/Project Manager
https://newyork.craigslist.org/brk/egr/d/seeking-full-time-structural/6316788103.html,Seeking Full Time Structural Engineer
https://newyork.craigslist.org/mnh/egr/d/assistant-project-manager-for/6316699356.html,Assistant Project Manager for Design Company
https://newyork.craigslist.org/brk/egr/d/project-engineer-for/6316591317.html,Project Engineer For Construction
https://newyork.craigslist.org/mnh/egr/d/sr-electrical-engineer/6316366688.html,Sr. Electrical Engineer
https://newyork.craigslist.org/que/egr/d/experience-construction/6316232075.html,EXPERIENCE CONSTRUCTION ENGINEER NEEDED FOR BUSY QUEENS OFFICE
https://newyork.craigslist.org/brx/egr/d/construction-estimator/6315589624.html,Construction Estimator
https://newyork.craigslist.org/wch/egr/d/autocad-draftsman/6315484859.html,AUTOCAD DRAFTSMAN
https://newyork.craigslist.org/mnh/egr/d/architectural-draftpersons/6315427473.html,Architectural Draftpersons & Office Assistant
https://newyork.craigslist.org/mnh/egr/d/bim-cad-technician/6315394313.html,BIM/ CAD Technician
https://newyork.craigslist.org/mnh/egr/d/trainee-project-manager/6315375406.html,Trainee Project Manager
https://newyork.craigslist.org/que/egr/d/construction-estimator/6315259744.html,Construction Estimator
https://newyork.craigslist.org/mnh/egr/d/executive-administrator/6315158061.html,Executive Administrator
https://newyork.craigslist.org/mnh/egr/d/project-management-logistics/6315135801.html,Project Management/Logistics-Furniture Company
https://newyork.craigslist.org/mnh/egr/d/engineer/6315073072.html,Engineer
https://newyork.craigslist.org/mnh/egr/d/junior-architect/6315040944.html,Junior Architect
https://newyork.craigslist.org/que/egr/d/technical-director-pe/6314978739.html,"Technical Director, P.E."
https://newyork.craigslist.org/mnh/egr/d/mep-electrical-engineer-low/6314966887.html,MEP Electrical Engineer -Low Voltage/IT/AV- 3+ years
https://newyork.craigslist.org/mnh/egr/d/architectural-firm-seeking/6314956813.html,Architectural Firm Seeking DOB Class 2 Filing Representative
https://newyork.craigslist.org/que/egr/d/mechanical-engineer/6314851303.html,Mechanical Engineer
https://newyork.craigslist.org/que/egr/d/project-engineer-nights/6314837149.html,Project Engineer (NIGHTS)
https://newyork.craigslist.org/mnh/egr/d/expediter-codes-zoning/6314829864.html,Expediter - Codes/Zoning
https://newyork.craigslist.org/que/egr/d/project-manager/6314828743.html,Project Manager
https://newyork.craigslist.org/que/egr/d/estimator-asst-project-manager/6314824941.html,Estimator/Asst. Project Manager
https://newyork.craigslist.org/mnh/egr/d/architectural-design-firm/6314110451.html,Architectural Design Firm Seeking Experienced Associate Architect
https://newyork.craigslist.org/mnh/egr/d/junior-architect-restoration/6313948571.html,Junior Architect - Restoration Firm
https://newyork.craigslist.org/mnh/egr/d/junior-architect/6313693214.html,Junior Architect
https://newyork.craigslist.org/brk/egr/d/bklyn-based-design/6313631160.html,BKLYN Based Design/Construction Firm Seeks Sr. Construction Mgr.
https://newyork.craigslist.org/mnh/egr/d/energy-efficiency-engineers/6313441812.html,Energy Efficiency Engineers
https://newyork.craigslist.org/mnh/egr/d/mid-level-mechanical/6313421531.html,Mid Level Mechanical Engineers (2+ Years) with Project Management
https://newyork.craigslist.org/mnh/egr/d/sr-project-plumbing-and-fp/6313420132.html,Sr. Project Plumbing and FP Engineers
https://newyork.craigslist.org/mnh/egr/d/sr-mechanical-hvac-engineers/6313418074.html,Sr. Mechanical/HVAC Engineers
https://newyork.craigslist.org/mnh/egr/d/job-captain-intermediate/6312921492.html,JOB CAPTAIN / INTERMEDIATE ARCHITECT
https://newyork.craigslist.org/mnh/egr/d/design-architect/6312649099.html,Design Architect
https://newyork.craigslist.org/mnh/egr/d/senior-technical-architect/6312596118.html,Senior Technical Architect
https://newyork.craigslist.org/mnh/egr/d/intern-level-architect-needed/6312575394.html,Intern Level Architect needed
https://newyork.craigslist.org/mnh/egr/d/construction-project-manager/6312565843.html,Construction Project Manager
https://newyork.craigslist.org/brk/egr/d/nys-licensed-design/6312483310.html,"NYS Licensed Design Professional, Architect or Professional Engineer"
https://newyork.craigslist.org/mnh/egr/d/nyc-dob-filing-representative/6312411033.html,NYC DOB Filing Representative Needed ASAP
